aa,pos,plddt,rsa,uniprot_id,location
MET,1,52.08,1.142157,Q96C74,intermediate
PRO,2,58.51,0.869231,Q96C74,intermediate
LEU,3,58.14,0.868333,Q96C74,intermediate
PRO,4,62.76,0.765734,Q96C74,intermediate
ASP,5,62.29,0.88543,Q96C74,intermediate
THR,6,62.78,0.741781,Q96C74,intermediate
MET,7,65.79,0.817647,Q96C74,intermediate
PHE,8,62.05,0.733028,Q96C74,intermediate
CYS,9,67.45,0.467143,Q96C74,intermediate
ALA,10,67.55,0.721239,Q96C74,intermediate
GLN,11,70.11,0.90582,Q96C74,ordered
GLN,12,76.92,0.683598,Q96C74,ordered
ILE,13,80.29,0.561538,Q96C74,ordered
HIS,14,83.62,0.791237,Q96C74,ordered
ILE,15,85.66,0.581319,Q96C74,ordered
PRO,16,92.17,0.405594,Q96C74,ordered
PRO,17,93.04,0.754545,Q96C74,ordered
GLU,18,94.08,0.575956,Q96C74,ordered
LEU,19,93.92,0.395556,Q96C74,ordered
PRO,20,94.75,0.571329,Q96C74,ordered
ASP,21,95.67,0.483444,Q96C74,ordered
ILE,22,96.09,0.341209,Q96C74,ordered
LEU,23,96.58,0.478889,Q96C74,ordered
LYS,24,97.07,0.542654,Q96C74,ordered
GLN,25,96.96,0.487302,Q96C74,ordered
PHE,26,97.17,0.173394,Q96C74,ordered
THR,27,96.57,0.483562,Q96C74,ordered
LYS,28,95.81,0.557346,Q96C74,ordered
ALA,29,94.96,0.057522,Q96C74,ordered
ALA,30,94.54,0.184956,Q96C74,ordered
ILE,31,92.32,0.507143,Q96C74,ordered
ARG,32,91.85,0.428631,Q96C74,ordered
THR,33,90.19,0.037671,Q96C74,ordered
GLN,34,90.43,0.611111,Q96C74,ordered
PRO,35,89.86,0.15035,Q96C74,ordered
ALA,36,88.62,0.912389,Q96C74,ordered
ASP,37,91.54,0.317219,Q96C74,ordered
VAL,38,94.06,0.4875,Q96C74,ordered
LEU,39,95.24,0.805556,Q96C74,ordered
ARG,40,93.69,0.481743,Q96C74,ordered
TRP,41,96.45,0.002703,Q96C74,ordered
SER,42,97.12,0.135246,Q96C74,ordered
ALA,43,96.14,0.526549,Q96C74,ordered
GLY,44,94.58,0.037647,Q96C74,ordered
TYR,45,97.39,0.013974,Q96C74,ordered
PHE,46,97.27,0.359174,Q96C74,ordered
SER,47,95.52,0.432787,Q96C74,ordered
ALA,48,94.63,0.09115,Q96C74,ordered
LEU,49,95.46,0.382222,Q96C74,ordered
SER,50,94.86,0.794262,Q96C74,ordered
ARG,51,93.34,0.771369,Q96C74,ordered
GLY,52,91.05,0.809412,Q96C74,ordered
ASP,53,90.58,0.484106,Q96C74,ordered
PRO,54,92.33,0.365035,Q96C74,ordered
LEU,55,94.17,0.308889,Q96C74,ordered
PRO,56,91.96,0.011888,Q96C74,ordered
VAL,57,91.85,0.1475,Q96C74,ordered
LYS,58,87.7,0.096209,Q96C74,ordered
ASP,59,83.0,0.466225,Q96C74,ordered
ARG,60,78.39,0.675519,Q96C74,ordered
MET,61,73.24,0.448529,Q96C74,ordered
GLU,62,74.62,0.34918,Q96C74,ordered
MET,63,63.9,0.771569,Q96C74,intermediate
PRO,64,56.63,0.879021,Q96C74,intermediate
THR,65,50.19,0.517123,Q96C74,intermediate
ALA,66,46.12,0.736283,Q96C74,intermediate
THR,67,47.95,0.85137,Q96C74,intermediate
GLN,68,49.92,0.607937,Q96C74,intermediate
LYS,69,48.85,0.842654,Q96C74,intermediate
THR,70,56.92,0.284932,Q96C74,intermediate
ASP,71,66.26,0.895364,Q96C74,intermediate
THR,72,71.76,0.092466,Q96C74,ordered
GLY,73,81.53,0.567059,Q96C74,ordered
LEU,74,88.63,0.032222,Q96C74,ordered
THR,75,90.12,0.269178,Q96C74,ordered
GLN,76,91.53,0.260847,Q96C74,ordered
GLY,77,90.72,0.177647,Q96C74,ordered
LEU,78,92.63,0.061667,Q96C74,ordered
LEU,79,94.82,0.001111,Q96C74,ordered
LYS,80,94.04,0.289573,Q96C74,ordered
VAL,81,94.13,0.020625,Q96C74,ordered
LEU,82,95.08,0.0,Q96C74,ordered
HIS,83,95.43,0.157732,Q96C74,ordered
LYS,84,92.8,0.369668,Q96C74,ordered
GLN,85,92.29,0.085185,Q96C74,ordered
CYS,86,93.21,0.0,Q96C74,ordered
HIS,87,89.77,0.559794,Q96C74,ordered
HIS,88,90.25,0.609278,Q96C74,ordered
LYS,89,90.41,0.341706,Q96C74,ordered
ARG,90,92.81,0.707054,Q96C74,ordered
TYR,91,94.91,0.518341,Q96C74,ordered
VAL,92,94.25,0.001875,Q96C74,ordered
GLU,93,95.42,0.38306,Q96C74,ordered
LEU,94,94.26,0.13,Q96C74,ordered
THR,95,94.13,0.729452,Q96C74,ordered
ASP,96,93.48,0.312583,Q96C74,ordered
LEU,97,95.18,0.0,Q96C74,ordered
GLU,98,94.77,0.273224,Q96C74,ordered
GLN,99,94.21,0.484656,Q96C74,ordered
LYS,100,94.33,0.128436,Q96C74,ordered
TRP,101,94.89,0.003475,Q96C74,ordered
LYS,102,93.37,0.199052,Q96C74,ordered
ASN,103,92.68,0.174051,Q96C74,ordered
LEU,104,92.45,0.056667,Q96C74,ordered
CYS,105,90.44,0.180714,Q96C74,ordered
LEU,106,91.87,0.031667,Q96C74,ordered
PRO,107,91.02,0.336364,Q96C74,ordered
LYS,108,91.5,0.454502,Q96C74,ordered
GLU,109,92.13,0.680874,Q96C74,ordered
LYS,110,90.99,0.24218,Q96C74,ordered
PHE,111,93.69,0.040367,Q96C74,ordered
LYS,112,93.19,0.624171,Q96C74,ordered
ALA,113,91.99,0.326549,Q96C74,ordered
LEU,114,92.49,0.001111,Q96C74,ordered
LEU,115,92.85,0.193333,Q96C74,ordered
GLN,116,91.84,0.775132,Q96C74,ordered
LEU,117,90.41,0.517778,Q96C74,ordered
ASP,118,89.06,0.256954,Q96C74,ordered
PRO,119,87.64,0.768531,Q96C74,ordered
CYS,120,87.43,0.279286,Q96C74,ordered
GLU,121,82.18,0.92459,Q96C74,ordered
ASN,122,91.21,0.655063,Q96C74,ordered
LYS,123,94.87,0.528436,Q96C74,ordered
ILE,124,94.98,0.02967,Q96C74,ordered
LYS,125,95.29,0.228436,Q96C74,ordered
TRP,126,95.94,0.035521,Q96C74,ordered
ILE,127,96.04,0.152747,Q96C74,ordered
ASN,128,95.64,0.110759,Q96C74,ordered
PHE,129,96.0,0.0,Q96C74,ordered
LEU,130,96.65,0.0,Q96C74,ordered
ALA,131,95.93,0.006195,Q96C74,ordered
LEU,132,94.99,0.012222,Q96C74,ordered
GLY,133,94.36,0.0,Q96C74,ordered
CYS,134,94.42,0.002143,Q96C74,ordered
SER,135,92.06,0.388525,Q96C74,ordered
MET,136,90.41,0.185294,Q96C74,ordered
LEU,137,89.51,0.098333,Q96C74,ordered
GLY,138,83.77,0.347059,Q96C74,ordered
GLY,139,85.62,0.942353,Q96C74,ordered
SER,140,88.9,0.498361,Q96C74,ordered
LEU,141,90.02,0.148889,Q96C74,ordered
ASN,142,89.66,0.432278,Q96C74,ordered
THR,143,90.1,0.345205,Q96C74,ordered
ALA,144,93.01,0.018584,Q96C74,ordered
LEU,145,93.57,0.001111,Q96C74,ordered
LYS,146,93.08,0.436493,Q96C74,ordered
HIS,147,93.45,0.14433,Q96C74,ordered
LEU,148,95.41,0.005556,Q96C74,ordered
CYS,149,94.6,0.0,Q96C74,ordered
GLU,150,93.58,0.296175,Q96C74,ordered
ILE,151,94.26,0.039011,Q96C74,ordered
LEU,152,94.89,0.202778,Q96C74,ordered
THR,153,93.8,0.164384,Q96C74,ordered
ASP,154,90.01,1.035099,Q96C74,ordered
ASP,155,90.7,0.200662,Q96C74,ordered
PRO,156,87.0,0.691608,Q96C74,ordered
GLU,157,81.5,0.835519,Q96C74,ordered
GLY,158,81.66,1.009412,Q96C74,ordered
GLY,159,87.03,0.337647,Q96C74,ordered
PRO,160,89.2,0.421678,Q96C74,ordered
ALA,161,92.76,0.039823,Q96C74,ordered
ARG,162,93.87,0.441494,Q96C74,ordered
ILE,163,94.72,0.006044,Q96C74,ordered
PRO,164,95.08,0.445455,Q96C74,ordered
PHE,165,94.53,0.127064,Q96C74,ordered
LYS,166,94.45,0.813744,Q96C74,ordered
THR,167,94.69,0.310959,Q96C74,ordered
PHE,168,95.08,0.0,Q96C74,ordered
SER,169,94.74,0.077049,Q96C74,ordered
TYR,170,96.36,0.359825,Q96C74,ordered
VAL,171,95.4,0.00625,Q96C74,ordered
TYR,172,94.66,0.090393,Q96C74,ordered
ARG,173,94.82,0.321992,Q96C74,ordered
TYR,174,95.01,0.124454,Q96C74,ordered
LEU,175,93.84,0.064444,Q96C74,ordered
ALA,176,92.86,0.051327,Q96C74,ordered
ARG,177,92.32,0.826971,Q96C74,ordered
LEU,178,89.62,0.445556,Q96C74,ordered
ASP,179,85.86,0.376821,Q96C74,ordered
SER,180,81.12,0.922951,Q96C74,ordered
ASP,181,83.46,0.891391,Q96C74,ordered
VAL,182,83.86,0.21625,Q96C74,ordered
SER,183,88.92,0.331148,Q96C74,ordered
PRO,184,89.26,0.720979,Q96C74,ordered
LEU,185,90.33,0.789444,Q96C74,ordered
GLU,186,89.14,0.633333,Q96C74,ordered
THR,187,90.76,0.05,Q96C74,ordered
GLU,188,93.38,0.453005,Q96C74,ordered
SER,189,91.01,0.605738,Q96C74,ordered
TYR,190,90.92,0.154148,Q96C74,ordered
LEU,191,92.47,0.028333,Q96C74,ordered
ALA,192,91.74,0.522124,Q96C74,ordered
SER,193,90.43,0.212295,Q96C74,ordered
LEU,194,90.59,0.002778,Q96C74,ordered
LYS,195,90.25,0.490047,Q96C74,ordered
GLU,196,88.53,0.597814,Q96C74,ordered
ASN,197,86.69,0.159494,Q96C74,ordered
ILE,198,87.28,0.013736,Q96C74,ordered
ASP,199,87.4,0.593377,Q96C74,ordered
ALA,200,84.41,0.711504,Q96C74,ordered
ARG,201,82.23,0.422407,Q96C74,ordered
LYS,202,78.08,0.889573,Q96C74,ordered
ASN,203,81.08,0.459494,Q96C74,ordered
GLY,204,87.82,0.438824,Q96C74,ordered
MET,205,91.94,0.298039,Q96C74,ordered
ILE,206,91.32,0.0,Q96C74,ordered
GLY,207,90.2,0.032941,Q96C74,ordered
LEU,208,87.85,0.202222,Q96C74,ordered
SER,209,84.83,0.590164,Q96C74,ordered
ASP,210,85.51,0.063576,Q96C74,ordered
PHE,211,84.2,0.09633,Q96C74,ordered
PHE,212,77.63,0.543578,Q96C74,ordered
PHE,213,70.21,0.285321,Q96C74,ordered
PRO,214,65.43,0.239161,Q96C74,intermediate
LYS,215,62.63,0.678199,Q96C74,intermediate
ARG,216,61.3,0.548548,Q96C74,intermediate
LYS,217,63.13,0.459716,Q96C74,intermediate
LEU,218,64.14,0.59,Q96C74,intermediate
LEU,219,60.0,0.574444,Q96C74,intermediate
GLU,220,69.39,0.557923,Q96C74,intermediate
SER,221,68.58,0.447541,Q96C74,intermediate
ILE,222,70.36,0.452198,Q96C74,ordered
GLU,223,70.09,0.633333,Q96C74,ordered
ASN,224,68.28,0.68038,Q96C74,intermediate
SER,225,66.88,0.686066,Q96C74,intermediate
GLU,226,65.04,0.760109,Q96C74,intermediate
ASP,227,54.88,0.88543,Q96C74,intermediate
VAL,228,53.15,0.7575,Q96C74,intermediate
GLY,229,45.17,0.64,Q96C74,intermediate
HIS,230,43.11,1.269072,Q96C74,intermediate
